Laptop,Mouse,Keyboard,Monitor,Desk,Chair,Headphones,Smartphone,Tablet,Camera,
Laptop,Mouse,Desk,Printer,Scanner,Router,USB Cable,HDMI Cable,Webcam,Mouse Pad,
Laptop Stand,Desk Lamp,Notebook,Pen,Backpack,Water Bottle,Charger,Power Bank,Speaker,Projector,
Graphics Card,CPU,Fan,SSD,HDD,Motherboard,RAM,Power Supply,Case,Microphone,
Tripod,Flash Drive,Smartwatch,Calculator,Whiteboard,Marker,Glue Stick,File Folder,Stapler,Scissors,
Desk Organizer,Phone Case,Screen Protector,Earbuds,Extension Cord,Surge Protector,VR Headset,Gamepad,Joystick,Keyboard Cover,
Laptop Bag,Office Chair,Standing Desk,Desk Mat,Desk Shelf,Cable Clips,Cable Ties,Label Printer,Shipping Labels,Cutting Mat,
Drawing Tablet,Art Brush,Canvas,LED Strip Light,Smart Bulb,Smart Plug,Drone,Bluetooth Speaker,Car Charger,Bike Lock,
Water Filter,Coffee Mug,Tea Cup,Plate,Bowl,Spoon,Fork,Knife,Cookware Set,Frying Pan,
Vacuum Cleaner,Air Purifier,Humidifier,Dehumidifier,Heater,Fan,Iron,Hair Dryer,Toaster,Blender,
Laptop,Mouse,Keyboard,Desk,Chair,Headphones,Smartphone,Backpack,Water Bottle,Printer,Laptop
